XYZ ABC Ltd                   Vendor Appraisal with OI Sorted List                  Time 21:05:05     Date  07.10.2021,,,,,,,,,,,,,,,,,,,,,,,,,,,
OXOXO                                                                                       RFKOPR00/KAGZI    Page           1,,,,,,,,,,,,,,,,,,,,,,,,,,,
,,,,,,,,,,,,,,,,,,,,,,,,,,,
,"MasterData: Company code 4004 Accounting Clerk Vendor 0000023859 , Key date 30.09.21 Amounts in GBP",,,,,,,,,,,,,,,,,,,,,,,,,,
,,,,,,,,,,,,,,,,,,,,,,,,,,,
,Section,,,,,,,,,,,,,,,,,,,,,,,,,,
,Label 1,,,,Content1,,,,,,,,Name 2,Content,,,Name 3,Content3,,,Name 4,,Content,,Name,Content5,
,,,,,,,,,,,,,,,,,,,,,,,,,,,
,Address,,,,,,,,,,,,,,,,,,,,,,,,,,
,Address(1):,,,,GmbH & Co. KG,,,,,,,,,,,,,,,,,,,,,,
,Address(2):,,,,PO Box 26 18 55,,,,,,,,,,,,,,,,,,,,,,
,Address(3):,,,,28588 HAMBURG,,,,,,,,,,,,,,,,,,,,,,
,Address(4):,,,,GERMANY,,,,,,,,,,,,,,,,,,,,,,
,,,,,,,,,,,,,,,,,,,,,,,,,,,
,Purchase data (amt in LC),,,,,,,,,,,,,,,,,,,,,,,,,,
,Annual Sales,,,,,,,,,,,,,,,,,,,,,,,,,,
,,,,,,,,,,,,,,,,,,,,,,,,,,,
XYZ ABC Ltd                   Vendor Appraisal with OI Sorted List                  Time 21:05:05     Date  07.10.2021,,,,,,,,,,,,,,,,,,,,,,,,,,,
OXOXO                                                                                       RFKOPR00/KAGZI    Page           2,,,,,,,,,,,,,,,,,,,,,,,,,,,
,,,,,,,,,,,,,,,,,,,,,,,,,,,
,"MasterData: Company code 4004 Accounting Clerk Vendor 0000025313 , Key date 30.09.21 Amounts in GBP",,,,,,,,,,,,,,,,,,,,,,,,,,
,,,,,,,,,,,,,,,,,,,,,,,,,,,
,Section,,,,,,,,,,,,,,,,,,,,,,,,,,
,Label 1,,,,Content1,,,,,,,,Name 2,Content,,,Name 3,Content3,,,Name 4,,Content,,Name,Content5,
,,,,,,,,,,,,,,,,,,,,,,,,,,,
,Address,,,,,,,,,,,,,,,,,,,,,,,,,,
,Address(1):,,,,Design GbR,,,,,,,,,,,,,,,,,,,,,,
,Address(2):,,,,Schrammsweg 200S,,,,,,,,,,,,,,,,,,,,,,
,Address(3):,,,,20239 HAMBURG,,,,,,,,,,,,,,,,,,,,,,
,Address(4):,,,,GERMANY,,,,,,,,,,,,,,,,,,,,,,
,,,,,,,,,,,,,,,,,,,,,,,,,,,
,Purchase data (amt in LC),,,,,,,,,,,,,,,,,,,,,,,,,,
,Annual Sales,,,,-695,,,,,,,,,,,,,,,,,,,,,,
,,,,,,,,,,,,,,,,,,,,,,,,,,,
XYZ ABC Ltd                   Vendor Appraisal with OI Sorted List                  Time 21:05:05     Date  07.10.2021,,,,,,,,,,,,,,,,,,,,,,,,,,,
OXOXO                                                                                       RFKOPR00/KAGZI    Page           3,,,,,,,,,,,,,,,,,,,,,,,,,,,
,,,,,,,,,,,,,,,,,,,,,,,,,,,
,"MasterData: Company code 4004 Accounting Clerk Vendor 0000025694 , Key date 30.09.21 Amounts in GBP",,,,,,,,,,,,,,,,,,,,,,,,,,
,,,,,,,,,,,,,,,,,,,,,,,,,,,
,Section,,,,,,,,,,,,,,,,,,,,,,,,,,
,Label 1,,,,Content1,,,,,,,,Name 2,Content,,,Name 3,Content3,,,Name 4,,Content,,Name,Content5,
,,,,,,,,,,,,,,,,,,,,,,,,,,,
,Address,,,,,,,,,,,,,,,,,,,,,,,,,,
,Address(1):,,,,ORGANIC PRODUCTS LIMITED,,,,,,,,,,,,,,,,,,,,,,
,Address(2):,,,,"No.3,  ST MARYíS ROAD",,,,,,,,,,,,,,,,,,,,,,
,Address(3):,,,,BEDFORDSHIRE,,,,,,,,,,,,,,,,,,,,,,
,Address(4):,,,,LU1 3JA,,,,,,,,,,,,,,,,,,,,,,
,Address(5):,,,,UNITED KINGDOM,,,,,,,,,,,,,,,,,,,,,,
,,,,,,,,,,,,,,,,,,,,,,,,,,,
,Purchase data (amt in LC),,,,,,,,,,,,,,,,,,,,,,,,,,
,Annual Sales,,,,,,,,,,,,,,,,,,,,,,,,,,
,,,,,,,,,,,,,,,,,,,,,,,,,,,
XYZ ABC Ltd                   Vendor Appraisal with OI Sorted List                  Time 21:05:05     Date  07.10.2021,,,,,,,,,,,,,,,,,,,,,,,,,,,
OXOXO                                                                                       RFKOPR00/KAGZI    Page           4,,,,,,,,,,,,,,,,,,,,,,,,,,,
,,,,,,,,,,,,,,,,,,,,,,,,,,,
,"MasterData: Company code 4004 Accounting Clerk Vendor 0000025720 , Key date 30.09.21 Amounts in GBP",,,,,,,,,,,,,,,,,,,,,,,,,,
,,,,,,,,,,,,,,,,,,,,,,,,,,,
,Section,,,,,,,,,,,,,,,,,,,,,,,,,,
,Label 1,,,,Content1,,,,,,,,Name 2,Content,,,Name 3,Content3,,,Name 4,,Content,,Name,Content5,
,,,,,,,,,,,,,,,,,,,,,,,,,,,
,Address,,,,,,,,,,,,,,,,,,,,,,,,,,
,Address(1):,,,,Firma,,,,,,,,,,,,,,,,,,,,,,
,Address(2):,,,,SILON SRO,,,,,,,,,,,,,,,,,,,,,,
,Address(3):,,,,PRUMYSLOVA 451,,,,,,,,,,,,,,,,,,,,,,
,Address(4):,,,,CZ-39102 SEZIMOVO USTI,,,,,,,,,,,,,,,,,,,,,,
,,,,,,,,,,,,,,,,,,,,,,,,,,,
,Purchase data (amt in LC),,,,,,,,,,,,,,,,,,,,,,,,,,
,Annual Sales,,,,,,,,,,,,,,,,,,,,,,,,,,
,,,,,,,,,,,,,,,,,,,,,,,,,,,
XYZ ABC Ltd                   Vendor Appraisal with OI Sorted List                  Time 21:05:05     Date  07.10.2021,,,,,,,,,,,,,,,,,,,,,,,,,,,
OXOXO                                                                                       RFKOPR00/KAGZI    Page           5,,,,,,,,,,,,,,,,,,,,,,,,,,,
,,,,,,,,,,,,,,,,,,,,,,,,,,,
,"MasterData: Company code 4004 Accounting Clerk Vendor 0000025784 , Key date 30.09.21 Amounts in GBP",,,,,,,,,,,,,,,,,,,,,,,,,,
,,,,,,,,,,,,,,,,,,,,,,,,,,,
,Section,,,,,,,,,,,,,,,,,,,,,,,,,,
,Label 1,,,,Content1,,,,,,,,Name 2,Content,,,Name 3,Content3,,,Name 4,,Content,,Name,Content5,
,,,,,,,,,,,,,,,,,,,,,,,,,,,
,Address,,,,,,,,,,,,,,,,,,,,,,,,,,
,Address(1):,,,,Chemicals GmbH,,,,,,,,,,,,,,,,,,,,,,
,Address(2):,,,,Mergenthalerallee 77,,,,,,,,,,,,,,,,,,,,,,
,Address(3):,,,,65777 ESCHBORN,,,,,,,,,,,,,,,,,,,,,,
,Address(4):,,,,GERMANY,,,,,,,,,,,,,,,,,,,,,,
,,,,,,,,,,,,,,,,,,,,,,,,,,,
,Purchase data (amt in LC),,,,,,,,,,,,,,,,,,,,,,,,,,
,Annual Sales,,,,,,,,,,,,,,,,,,,,,,,,,,
,,,,,,,,,,,,,,,,,,,,,,,,,,,
XYZ ABC Ltd                   Vendor Appraisal with OI Sorted List                  Time 21:05:05     Date  07.10.2021,,,,,,,,,,,,,,,,,,,,,,,,,,,
OXOXO                                                                                       RFKOPR00/KAGZI    Page           6,,,,,,,,,,,,,,,,,,,,,,,,,,,
,,,,,,,,,,,,,,,,,,,,,,,,,,,
,"MasterData: Company code 4004 Accounting Clerk Vendor 0000026240 , Key date 30.09.21 Amounts in GBP",,,,,,,,,,,,,,,,,,,,,,,,,,
,,,,,,,,,,,,,,,,,,,,,,,,,,,
,Section,,,,,,,,,,,,,,,,,,,,,,,,,,
,Label 1,,,,Content1,,,,,,,,Name 2,Content,,,Name 3,Content3,,,Name 4,,Content,,Name,Content5,
,,,,,,,,,,,,,,,,,,,,,,,,,,,
,Address,,,,,,,,,,,,,,,,,,,,,,,,,,
,Address(1):,,,,Nutrition & Care,,,,,,,,,,,,,,,,,,,,,,
,Address(2):,,,,Rellinghauser Str. 1-11,,,,,,,,,,,,,,,,,,,,,,
,Address(3):,,,,45124 ESSEN,,,,,,,,,,,,,,,,,,,,,,
,Address(4):,,,,GERMANY,,,,,,,,,,,,,,,,,,,,,,
,,,,,,,,,,,,,,,,,,,,,,,,,,,
,Purchase data (amt in LC),,,,,,,,,,,,,,,,,,,,,,,,,,
,Annual Sales,,,,,,,,,,,,,,,,,,,,,,,,,,
,,,,,,,,,,,,,,,,,,,,,,,,,,,
XYZ ABC Ltd                   Vendor Appraisal with OI Sorted List                  Time 21:05:05     Date  07.10.2021,,,,,,,,,,,,,,,,,,,,,,,,,,,
OXOXO                                                                                       RFKOPR00/KAGZI    Page           7,,,,,,,,,,,,,,,,,,,,,,,,,,,
,,,,,,,,,,,,,,,,,,,,,,,,,,,
,"MasterData: Company code 4004 Accounting Clerk Vendor 0000026307 , Key date 30.09.21 Amounts in GBP",,,,,,,,,,,,,,,,,,,,,,,,,,
,,,,,,,,,,,,,,,,,,,,,,,,,,,
,Section,,,,,,,,,,,,,,,,,,,,,,,,,,
,Label 1,,,,Content1,,,,,,,,Name 2,Content,,,Name 3,Content3,,,Name 4,,Content,,Name,Content5,
,,,,,,,,,,,,,,,,,,,,,,,,,,,
,Address,,,,,,,,,,,,,,,,,,,,,,,,,,
,Address(1):,,,,Adhesives Limited,,,,,,,,,,,,,,,,,,,,,,
,Address(2):,,,,Unit 55 Bentall Business Park,,,,,,,,,,,,,,,,,,,,,,
,Address(3):,,,,WASHINGTON,,,,,,,,,,,,,,,,,,,,,,
,Address(4):,,,,Tyne and Wear,,,,,,,,,,,,,,,,,,,,,,
,Address(5):,,,,NE37 3JD,,,,,,,,,,,,,,,,,,,,,,
,Address(6):,,,,UNITED KINGDOM,,,,,,,,,,,,,,,,,,,,,,
,,,,,,,,,,,,,,,,,,,,,,,,,,,
,Purchase data (amt in LC),,,,,,,,,,,,,,,,,,,,,,,,,,
,Annual Sales,,,,"-54,231",,,,,,,,,,,,,,,,,,,,,,
,,,,,,,,,,,,,,,,,,,,,,,,,,,
XYZ ABC Ltd                   Vendor Appraisal with OI Sorted List                  Time 21:05:05     Date  07.10.2021,,,,,,,,,,,,,,,,,,,,,,,,,,,
OXOXO                                                                                       RFKOPR00/KAGZI    Page           8,,,,,,,,,,,,,,,,,,,,,,,,,,,
,,,,,,,,,,,,,,,,,,,,,,,,,,,
,"MasterData: Company code 4004 Accounting Clerk Vendor 0000026644 , Key date 30.09.21 Amounts in GBP",,,,,,,,,,,,,,,,,,,,,,,,,,
,,,,,,,,,,,,,,,,,,,,,,,,,,,
,Section,,,,,,,,,,,,,,,,,,,,,,,,,,
,Label 1,,,,Content1,,,,,,,,Name 2,Content,,,Name 3,Content3,,,Name 4,,Content,,Name,Content5,
,,,,,,,,,,,,,,,,,,,,,,,,,,,
,Address,,,,,,,,,,,,,,,,,,,,,,,,,,
,Address(1):,,,,Scott Bader UK Limited,,,,,,,,,,,,,,,,,,,,,,
,Address(2):,,,,Wollaston Hall,,,,,,,,,,,,,,,,,,,,,,
,Address(3):,,,,NORTHAMPTONSHIRE,,,,,,,,,,,,,,,,,,,,,,
,Address(4):,,,,NN29 7RL,,,,,,,,,,,,,,,,,,,,,,
,Address(5):,,,,UNITED KINGDOM,,,,,,,,,,,,,,,,,,,,,,
,,,,,,,,,,,,,,,,,,,,,,,,,,,
,Purchase data (amt in LC),,,,,,,,,,,,,,,,,,,,,,,,,,
,Annual Sales,,,,,,,,,,,,,,,,,,,,,,,,,,
,,,,,,,,,,,,,,,,,,,,,,,,,,,
XYZ ABC Ltd                   Vendor Appraisal with OI Sorted List                  Time 21:05:05     Date  07.10.2021,,,,,,,,,,,,,,,,,,,,,,,,,,,
OXOXO                                                                                       RFKOPR00/KAGZI    Page           9,,,,,,,,,,,,,,,,,,,,,,,,,,,
,,,,,,,,,,,,,,,,,,,,,,,,,,,
,"MasterData: Company code 4004 Accounting Clerk Vendor 0000026734 , Key date 30.09.21 Amounts in GBP",,,,,,,,,,,,,,,,,,,,,,,,,,
,,,,,,,,,,,,,,,,,,,,,,,,,,,
,Section,,,,,,,,,,,,,,,,,,,,,,,,,,
,Label 1,,,,Content1,,,,,,,,Name 2,Content,,,Name 3,Content3,,,Name 4,,Content,,Name,Content5,
,,,,,,,,,,,,,,,,,,,,,,,,,,,
,Address,,,,,,,,,,,,,,,,,,,,,,,,,,
,Address(1):,,,,Materials Ltd.,,,,,,,,,,,,,,,,,,,,,,
,Address(2):,,,,Unit 2 Lark Valley Trade Park,,,,,,,,,,,,,,,,,,,,,,
,Address(3):,,,,BURY ST EDMONDS,,,,,,,,,,,,,,,,,,,,,,
,Address(4):,,,,IP32 6NU,,,,,,,,,,,,,,,,,,,,,,
,Address(5):,,,,UNITED KINGDOM,,,,,,,,,,,,,,,,,,,,,,
,,,,,,,,,,,,,,,,,,,,,,,,,,,
,Purchase data (amt in LC),,,,,,,,,,,,,,,,,,,,,,,,,,
,Annual Sales,,,,,,,,,,,,,,,,,,,,,,,,,,
,,,,,,,,,,,,,,,,,,,,,,,,,,,
XYZ ABC Ltd                   Vendor Appraisal with OI Sorted List                  Time 21:05:05     Date  07.10.2021,,,,,,,,,,,,,,,,,,,,,,,,,,,
OXOXO                                                                                       RFKOPR00/KAGZI    Page          10,,,,,,,,,,,,,,,,,,,,,,,,,,,
,,,,,,,,,,,,,,,,,,,,,,,,,,,
,"MasterData: Company code 4004 Accounting Clerk Vendor 0000026736 , Key date 30.09.21 Amounts in GBP",,,,,,,,,,,,,,,,,,,,,,,,,,
,,,,,,,,,,,,,,,,,,,,,,,,,,,
,Section,,,,,,,,,,,,,,,,,,,,,,,,,,
,Label 1,,,,Content1,,,,,,,,Name 2,Content,,,Name 3,Content3,,,Name 4,,Content,,Name,Content5,
,,,,,,,,,,,,,,,,,,,,,,,,,,,
,Address,,,,,,,,,,,,,,,,,,,,,,,,,,
,Address(1):,,,,CORELITE ITALIA SRL,,,,,,,,,,,,,,,,,,,,,,
,Address(2):,,,,Via E. Fermi 170,,,,,,,,,,,,,,,,,,,,,,
,Address(3):,,,,I-46011 ACQUANEGRA SUL CHIESE (MN),,,,,,,,,,,,,,,,,,,,,,
,,,,,,,,,,,,,,,,,,,,,,,,,,,
,Purchase data (amt in LC),,,,,,,,,,,,,,,,,,,,,,,,,,
,Annual Sales,,,,,,,,,,,,,,,,,,,,,,,,,,
,,,,,,,,,,,,,,,,,,,,,,,,,,,
XYZ ABC Ltd                   Vendor Appraisal with OI Sorted List                  Time 21:05:05     Date  07.10.2021,,,,,,,,,,,,,,,,,,,,,,,,,,,
OXOXO                                                                                       RFKOPR00/KAGZI    Page          11,,,,,,,,,,,,,,,,,,,,,,,,,,,
,,,,,,,,,,,,,,,,,,,,,,,,,,,
,"MasterData: Company code 4004 Accounting Clerk Vendor 0000026832 , Key date 30.09.21 Amounts in GBP",,,,,,,,,,,,,,,,,,,,,,,,,,
,,,,,,,,,,,,,,,,,,,,,,,,,,,
,Section,,,,,,,,,,,,,,,,,,,,,,,,,,
,Label 1,,,,Content1,,,,,,,,Name 2,Content,,,Name 3,Content3,,,Name 4,,Content,,Name,Content5,
,,,,,,,,,,,,,,,,,,,,,,,,,,,
,Address,,,,,,,,,,,,,,,,,,,,,,,,,,
,Address(1):,,,,"Kemai Chemical Co., Ltd.",,,,,,,,,,,,,,,,,,,,,,
,Address(2):,,,,"No.72 Hai Xin Road,",,,,,,,,,,,,,,,,,,,,,,
,Address(3):,,,,"300272, TIANJIN",,,,,,,,,,,,,,,,,,,,,,
,Address(4):,,,,PEOPLE'S REPUBLIC OF CHINA,,,,,,,,,,,,,,,,,,,,,,
,,,,,,,,,,,,,,,,,,,,,,,,,,,
,Purchase data (amt in LC),,,,,,,,,,,,,,,,,,,,,,,,,,
,Annual Sales,,,,,,,,,,,,,,,,,,,,,,,,,,
,,,,,,,,,,,,,,,,,,,,,,,,,,,
XYZ ABC Ltd                   Vendor Appraisal with OI Sorted List                  Time 21:05:05     Date  07.10.2021,,,,,,,,,,,,,,,,,,,,,,,,,,,
OXOXO                                                                                       RFKOPR00/KAGZI    Page          12,,,,,,,,,,,,,,,,,,,,,,,,,,,
,,,,,,,,,,,,,,,,,,,,,,,,,,,
,"MasterData: Company code 4004 Accounting Clerk Vendor 0000026854 , Key date 30.09.21 Amounts in GBP",,,,,,,,,,,,,,,,,,,,,,,,,,
,,,,,,,,,,,,,,,,,,,,,,,,,,,
,Section,,,,,,,,,,,,,,,,,,,,,,,,,,
,Label 1,,,,Content1,,,,,,,,Name 2,Content,,,Name 3,Content3,,,Name 4,,Content,,Name,Content5,
,,,,,,,,,,,,,,,,,,,,,,,,,,,
,Address,,,,,,,,,,,,,,,,,,,,,,,,,,
,Address(1):,,,,ELANTAS Europe Srl.,,,,,,,,,,,,,,,,,,,,,,
,Address(2):,,,,"Strada Antolini, 1",,,,,,,,,,,,,,,,,,,,,,
,Address(3):,,,,I-43044 COLLECCHIO  PR,,,,,,,,,,,,,,,,,,,,,,
,,,,,,,,,,,,,,,,,,,,,,,,,,,
,Purchase data (amt in LC),,,,,,,,,,,,,,,,,,,,,,,,,,
,Annual Sales,,,,,,,,,,,,,,,,,,,,,,,,,,
,,,,,,,,,,,,,,,,,,,,,,,,,,,
XYZ ABC Ltd                   Vendor Appraisal with OI Sorted List                  Time 21:05:05     Date  07.10.2021,,,,,,,,,,,,,,,,,,,,,,,,,,,
OXOXO                                                                                       RFKOPR00/KAGZI    Page          13,,,,,,,,,,,,,,,,,,,,,,,,,,,
,,,,,,,,,,,,,,,,,,,,,,,,,,,
,"MasterData: Company code 4004 Accounting Clerk Vendor 0000026877 , Key date 30.09.21 Amounts in GBP",,,,,,,,,,,,,,,,,,,,,,,,,,
,,,,,,,,,,,,,,,,,,,,,,,,,,,
,Section,,,,,,,,,,,,,,,,,,,,,,,,,,
,Label 1,,,,Content1,,,,,,,,Name 2,Content,,,Name 3,Content3,,,Name 4,,Content,,Name,Content5,
,,,,,,,,,,,,,,,,,,,,,,,,,,,
,Address,,,,,,,,,,,,,,,,,,,,,,,,,,
,Address(1):,,,,CoreLite Inc.,,,,,,,,,,,,,,,,,,,,,,
,Address(2):,,,,1060 E. 30 St.,,,,,,,,,,,,,,,,,,,,,,
,Address(3):,,,,FL MIAMI  33013,,,,,,,,,,,,,,,,,,,,,,
,Address(4):,,,,USA,,,,,,,,,,,,,,,,,,,,,,
,,,,,,,,,,,,,,,,,,,,,,,,,,,
,Purchase data (amt in LC),,,,,,,,,,,,,,,,,,,,,,,,,,
,Annual Sales,,,,,,,,,,,,,,,,,,,,,,,,,,
,,,,,,,,,,,,,,,,,,,,,,,,,,,
XYZ ABC Ltd                   Vendor Appraisal with OI Sorted List                  Time 21:05:05     Date  07.10.2021,,,,,,,,,,,,,,,,,,,,,,,,,,,
OXOXO                                                                                       RFKOPR00/KAGZI    Page          14,,,,,,,,,,,,,,,,,,,,,,,,,,,
,,,,,,,,,,,,,,,,,,,,,,,,,,,
,"MasterData: Company code 4004 Accounting Clerk Vendor 0000026924 , Key date 30.09.21 Amounts in GBP",,,,,,,,,,,,,,,,,,,,,,,,,,
,,,,,,,,,,,,,,,,,,,,,,,,,,,
,Section,,,,,,,,,,,,,,,,,,,,,,,,,,
,Label 1,,,,Content1,,,,,,,,Name 2,Content,,,Name 3,Content3,,,Name 4,,Content,,Name,Content5,
,,,,,,,,,,,,,,,,,,,,,,,,,,,
,Address,,,,,,,,,,,,,,,,,,,,,,,,,,
,Address(1):,,,,Ru-Bix Tooling Board a division,,,,,,,,,,,,,,,,,,,,,,
,Address(2):,,,,of Envirofoam Chemicals Ltd,,,,,,,,,,,,,,,,,,,,,,
,Address(3):,,,,"Unit 4, Venus Court",,,,,,,,,,,,,,,,,,,,,,
,Address(4):,,,,NORFOLK,,,,,,,,,,,,,,,,,,,,,,
,Address(5):,,,,PE30 4HY,,,,,,,,,,,,,,,,,,,,,,
,Address(6):,,,,UNITED KINGDOM,,,,,,,,,,,,,,,,,,,,,,
,,,,,,,,,,,,,,,,,,,,,,,,,,,
,Purchase data (amt in LC),,,,,,,,,,,,,,,,,,,,,,,,,,
,Annual Sales,,,,"-37,343",,,,,,,,,,,,,,,,,,,,,,
,,,,,,,,,,,,,,,,,,,,,,,,,,,
XYZ ABC Ltd                   Vendor Appraisal with OI Sorted List                  Time 21:05:05     Date  07.10.2021,,,,,,,,,,,,,,,,,,,,,,,,,,,
OXOXO                                                                                       RFKOPR00/KAGZI    Page          15,,,,,,,,,,,,,,,,,,,,,,,,,,,
,,,,,,,,,,,,,,,,,,,,,,,,,,,
,"MasterData: Company code 4004 Accounting Clerk Vendor 0000026934 , Key date 30.09.21 Amounts in GBP",,,,,,,,,,,,,,,,,,,,,,,,,,
,,,,,,,,,,,,,,,,,,,,,,,,,,,
,Section,,,,,,,,,,,,,,,,,,,,,,,,,,
,Label 1,,,,Content1,,,,,,,,Name 2,Content,,,Name 3,Content3,,,Name 4,,Content,,Name,Content5,
,,,,,,,,,,,,,,,,,,,,,,,,,,,
,Address,,,,,,,,,,,,,,,,,,,,,,,,,,
,Address(1):,,,,Chemence Limited,,,,,,,,,,,,,,,,,,,,,,
,Address(2):,,,,13 Princewood Road,,,,,,,,,,,,,,,,,,,,,,
,Address(3):,,,,"CORBY, NORTHANTS",,,,,,,,,,,,,,,,,,,,,,
,Address(4):,,,,NN17 4XD,,,,,,,,,,,,,,,,,,,,,,
,Address(5):,,,,UNITED KINGDOM,,,,,,,,,,,,,,,,,,,,,,
,,,,,,,,,,,,,,,,,,,,,,,,,,,
,Purchase data (amt in LC),,,,,,,,,,,,,,,,,,,,,,,,,,
,Annual Sales,,,,,,,,,,,,,,,,,,,,,,,,,,
,,,,,,,,,,,,,,,,,,,,,,,,,,,
XYZ ABC Ltd                   Vendor Appraisal with OI Sorted List                  Time 21:05:05     Date  07.10.2021,,,,,,,,,,,,,,,,,,,,,,,,,,,
OXOXO                                                                                       RFKOPR00/KAGZI    Page          16,,,,,,,,,,,,,,,,,,,,,,,,,,,
,,,,,,,,,,,,,,,,,,,,,,,,,,,
,"MasterData: Company code 4004 Accounting Clerk Vendor 0000027130 , Key date 30.09.21 Amounts in GBP",,,,,,,,,,,,,,,,,,,,,,,,,,
,,,,,,,,,,,,,,,,,,,,,,,,,,,
,Section,,,,,,,,,,,,,,,,,,,,,,,,,,
,Label 1,,,,Content1,,,,,,,,Name 2,Content,,,Name 3,Content3,,,Name 4,,Content,,Name,Content5,
,,,,,,,,,,,,,,,,,,,,,,,,,,,
,Address,,,,,,,,,,,,,,,,,,,,,,,,,,
,Address(1):,,,,ExxonMobil Petroleum & Chemical BV,,,,,,,,,,,,,,,,,,,,,,
,Address(2):,,,,Polderdijkwg,,,,,,,,,,,,,,,,,,,,,,
,Address(3):,,,,B-2060 ANTWERP,,,,,,,,,,,,,,,,,,,,,,
,,,,,,,,,,,,,,,,,,,,,,,,,,,
,Purchase data (amt in LC),,,,,,,,,,,,,,,,,,,,,,,,,,
,Annual Sales,,,,,,,,,,,,,,,,,,,,,,,,,,
,,,,,,,,,,,,,,,,,,,,,,,,,,,
XYZ ABC Ltd                   Vendor Appraisal with OI Sorted List                  Time 21:05:05     Date  07.10.2021,,,,,,,,,,,,,,,,,,,,,,,,,,,
OXOXO                                                                                       RFKOPR00/KAGZI    Page          17,,,,,,,,,,,,,,,,,,,,,,,,,,,
,,,,,,,,,,,,,,,,,,,,,,,,,,,
,"MasterData: Company code 4004 Accounting Clerk Vendor 0000027145 , Key date 30.09.21 Amounts in GBP",,,,,,,,,,,,,,,,,,,,,,,,,,
,,,,,,,,,,,,,,,,,,,,,,,,,,,
,Section,,,,,,,,,,,,,,,,,,,,,,,,,,
,Label 1,,,,Content1,,,,,,,,Name 2,Content,,,Name 3,Content3,,,Name 4,,Content,,Name,Content5,
,,,,,,,,,,,,,,,,,,,,,,,,,,,
,Address,,,,,,,,,,,,,,,,,,,,,,,,,,
,Address(1):,,,,DDD Thorsen A/S,,,,,,,,,,,,,,,,,,,,,,
,Address(2):,,,,Soholm Park 1,,,,,,,,,,,,,,,,,,,,,,
,Address(3):,,,,KK-2999 HELLERUP,,,,,,,,,,,,,,,,,,,,,,
,,,,,,,,,,,,,,,,,,,,,,,,,,,
,Commitmts (LC Amounts),,,,,,,,,,,,,,,,,,,,,,,,,,
,Open item acct:,,,,"-10,640",,,,,,,,,,,,,,,,,,,,,,
,,,,,,,,,,,,,,,,,,,,,,,,,,,
,Purchase data (amt in LC),,,,,,,,,,,,,,,,,,,,,,,,,,
,Annual Sales,,,,"-429,736",,,,,,,,,,,,,,,,,,,,,,
,,,,,,,,,,,,,,,,,,,,,,,,,,,
,,,,,,,,,,,,,,,,,,,,,,,,,,,
,,,,,,,,,,,,,,,,,,,,,,,,,,,
,"OI Sorted List Company Code 4004, Accounting Clerk , Vendor 0000027145 Key date 30.09.21 Amounts in GBP",,,,,,,,,,,,,,,,,,,,,,,,,,
,,,,,,,,,,,,,,,,,,,,,,,,,,,
,BusAr,Blocked,,Down Payt,,,OI Total,,,Typ,From     0,,From     1,,,From    31,,,,From    61,,,,From    91,,,From   121
,,,,,,,,,,,To       0,,To      30,,,To      60,,,,To      90,,,,To     120,,,
,,,,,,,,,,,,,,,,,,,,,,,,,,,
,,,,0,,,"-10,640",,,Age,,,"-10,640",,,,,,,,,,,,,,
,,,,,,,,,,,,,,,,,,,,,,,,,,,
XYZ ABC Ltd                   Vendor Appraisal with OI Sorted List                  Time 21:05:05     Date  07.10.2021,,,,,,,,,,,,,,,,,,,,,,,,,,,
OXOXO                                                                                       RFKOPR00/KAGZI    Page          18,,,,,,,,,,,,,,,,,,,,,,,,,,,
,,,,,,,,,,,,,,,,,,,,,,,,,,,
,"MasterData: Company code 4004 Accounting Clerk Vendor 0000027215 , Key date 30.09.21 Amounts in GBP",,,,,,,,,,,,,,,,,,,,,,,,,,
,,,,,,,,,,,,,,,,,,,,,,,,,,,
,Section,,,,,,,,,,,,,,,,,,,,,,,,,,
,Label 1,,,,Content1,,,,,,,,Name 2,Content,,,Name 3,Content3,,,Name 4,,Content,,Name,Content5,
,,,,,,,,,,,,,,,,,,,,,,,,,,,
,Address,,,,,,,,,,,,,,,,,,,,,,,,,,
,Address(1):,,,,Evonik Operations GmbH,,,,,,,,,,,,,,,,,,,,,,
,Address(2):,,,,Rellinghauser Straﬂe 1-11,,,,,,,,,,,,,,,,,,,,,,
,Address(3):,,,,45128 ESSEN,,,,,,,,,,,,,,,,,,,,,,
,Address(4):,,,,GERMANY,,,,,,,,,,,,,,,,,,,,,,
,,,,,,,,,,,,,,,,,,,,,,,,,,,
,Purchase data (amt in LC),,,,,,,,,,,,,,,,,,,,,,,,,,
,Annual Sales,,,,"-2,818",,,,,,,,,,,,,,,,,,,,,,
,,,,,,,,,,,,,,,,,,,,,,,,,,,
XYZ ABC Ltd                   Vendor Appraisal with OI Sorted List                  Time 21:05:05     Date  07.10.2021,,,,,,,,,,,,,,,,,,,,,,,,,,,
OXOXO                                                                                       RFKOPR00/KAGZI    Page          19,,,,,,,,,,,,,,,,,,,,,,,,,,,
,,,,,,,,,,,,,,,,,,,,,,,,,,,
,"MasterData: Company code 4004 Accounting Clerk Vendor 0000027243 , Key date 30.09.21 Amounts in GBP",,,,,,,,,,,,,,,,,,,,,,,,,,
,,,,,,,,,,,,,,,,,,,,,,,,,,,
,Section,,,,,,,,,,,,,,,,,,,,,,,,,,
,Label 1,,,,Content1,,,,,,,,Name 2,Content,,,Name 3,Content3,,,Name 4,,Content,,Name,Content5,
,,,,,,,,,,,,,,,,,,,,,,,,,,,
,Address,,,,,,,,,,,,,,,,,,,,,,,,,,
,Address(1):,,,,Wellman Neufchateau Recyclage,,,,,,,,,,,,,,,,,,,,,,
,Address(2):,,,,100 Chemin De Grety,,,,,,,,,,,,,,,,,,,,,,
,Address(3):,,,,F-88300 NEUFCHATEAU,,,,,,,,,,,,,,,,,,,,,,
,,,,,,,,,,,,,,,,,,,,,,,,,,,
,Purchase data (amt in LC),,,,,,,,,,,,,,,,,,,,,,,,,,
,Annual Sales,,,,,,,,,,,,,,,,,,,,,,,,,,
,,,,,,,,,,,,,,,,,,,,,,,,,,,
XYZ ABC Ltd                   Vendor Appraisal with OI Sorted List                  Time 21:05:05     Date  07.10.2021,,,,,,,,,,,,,,,,,,,,,,,,,,,
OXOXO                                                                                       RFKOPR00/KAGZI    Page          20,,,,,,,,,,,,,,,,,,,,,,,,,,,
,,,,,,,,,,,,,,,,,,,,,,,,,,,
,"MasterData: Company code 4004 Accounting Clerk Vendor 0000027257 , Key date 30.09.21 Amounts in GBP",,,,,,,,,,,,,,,,,,,,,,,,,,
,,,,,,,,,,,,,,,,,,,,,,,,,,,
,Section,,,,,,,,,,,,,,,,,,,,,,,,,,
,Label 1,,,,Content1,,,,,,,,Name 2,Content,,,Name 3,Content3,,,Name 4,,Content,,Name,Content5,
,,,,,,,,,,,,,,,,,,,,,,,,,,,
,Address,,,,,,,,,,,,,,,,,,,,,,,,,,
,Address(1):,,,,POLITEM SATIS VE PAZARLAMA AS,,,,,,,,,,,,,,,,,,,,,,
,Address(2):,,,,KEMANKES MAH NECATIBEY CD 74,,,,,,,,,,,,,,,,,,,,,,
,Address(3):,,,,TR-34425 ISTANBUL,,,,,,,,,,,,,,,,,,,,,,
,,,,,,,,,,,,,,,,,,,,,,,,,,,
,Purchase data (amt in LC),,,,,,,,,,,,,,,,,,,,,,,,,,
,Annual Sales,,,,"-39,089",,,,,,,,,,,,,,,,,,,,,,
,,,,,,,,,,,,,,,,,,,,,,,,,,,
XYZ ABC Ltd                   Vendor Appraisal with OI Sorted List                  Time 21:05:05     Date  07.10.2021,,,,,,,,,,,,,,,,,,,,,,,,,,,
OXOXO                                                                                       RFKOPR00/KAGZI    Page          21,,,,,,,,,,,,,,,,,,,,,,,,,,,
,,,,,,,,,,,,,,,,,,,,,,,,,,,
,"MasterData: Company code 4004 Accounting Clerk Vendor 0000027340 , Key date 30.09.21 Amounts in GBP",,,,,,,,,,,,,,,,,,,,,,,,,,
,,,,,,,,,,,,,,,,,,,,,,,,,,,
,Section,,,,,,,,,,,,,,,,,,,,,,,,,,
,Label 1,,,,Content1,,,,,,,,Name 2,Content,,,Name 3,Content3,,,Name 4,,Content,,Name,Content5,
,,,,,,,,,,,,,,,,,,,,,,,,,,,
,Address,,,,,,,,,,,,,,,,,,,,,,,,,,
,Address(1):,,,,Seral GMBH,,,,,,,,,,,,,,,,,,,,,,
,Address(2):,,,,Ludwig-Erhard Stra?e 20 In Kaars 20,,,,,,,,,,,,,,,,,,,,,,
,Address(3):,,,,41564 DUSSELDORF,,,,,,,,,,,,,,,,,,,,,,
,Address(4):,,,,GERMANY,,,,,,,,,,,,,,,,,,,,,,
,,,,,,,,,,,,,,,,,,,,,,,,,,,
,Purchase data (amt in LC),,,,,,,,,,,,,,,,,,,,,,,,,,
,Annual Sales,,,,,,,,,,,,,,,,,,,,,,,,,,
,,,,,,,,,,,,,,,,,,,,,,,,,,,
XYZ ABC Ltd                   Vendor Appraisal with OI Sorted List                  Time 21:05:05     Date  07.10.2021,,,,,,,,,,,,,,,,,,,,,,,,,,,
OXOXO                                                                                       RFKOPR00/KAGZI    Page          22,,,,,,,,,,,,,,,,,,,,,,,,,,,
,,,,,,,,,,,,,,,,,,,,,,,,,,,
,"MasterData: Company code 4004 Accounting Clerk Vendor 0000027370 , Key date 30.09.21 Amounts in GBP",,,,,,,,,,,,,,,,,,,,,,,,,,
,,,,,,,,,,,,,,,,,,,,,,,,,,,
,Section,,,,,,,,,,,,,,,,,,,,,,,,,,
,Label 1,,,,Content1,,,,,,,,Name 2,Content,,,Name 3,Content3,,,Name 4,,Content,,Name,Content5,
,,,,,,,,,,,,,,,,,,,,,,,,,,,
,Address,,,,,,,,,,,,,,,,,,,,,,,,,,
,Address(1):,,,,BBV Sales & Marketing Company,,,,,,,,,,,,,,,,,,,,,,
,Address(2):,,,,B.V.,,,,,,,,,,,,,,,,,,,,,,
,Address(3):,,,,Delfseplein 27E,,,,,,,,,,,,,,,,,,,,,,
,Address(4):,,,,3044AA  ROTTERDAM,,,,,,,,,,,,,,,,,,,,,,
,Address(5):,,,,NETHERLANDS,,,,,,,,,,,,,,,,,,,,,,
,,,,,,,,,,,,,,,,,,,,,,,,,,,
,Commitmts (LC Amounts),,,,,,,,,,,,,,,,,,,,,,,,,,
,Open item acct:,,,,"-712,270",,,,,,,,,,,,,,,,,,,,,,
,,,,,,,,,,,,,,,,,,,,,,,,,,,
,Purchase data (amt in LC),,,,,,,,,,,,,,,,,,,,,,,,,,
,Annual Sales,,,,"-1,764,313",,,,,,,,,,,,,,,,,,,,,,
,,,,,,,,,,,,,,,,,,,,,,,,,,,
,,,,,,,,,,,,,,,,,,,,,,,,,,,
,,,,,,,,,,,,,,,,,,,,,,,,,,,
,"OI Sorted List Company Code 4004, Accounting Clerk , Vendor 0000027370 Key date 30.09.21 Amounts in GBP",,,,,,,,,,,,,,,,,,,,,,,,,,
,,,,,,,,,,,,,,,,,,,,,,,,,,,
,BusAr,Blocked,,Down Payt,,,OI Total,,,Typ,From     0,,From     1,,,From    31,,,,From    61,,,,From    91,,,From   121
,,,,,,,,,,,To       0,,To      30,,,To      60,,,,To      90,,,,To     120,,,
,,,,,,,,,,,,,,,,,,,,,,,,,,,
,,,,0,,,"-712,270",,,Age,,,"-712,270",,,,,,,,,,,,,,
,,,,,,,,,,,,,,,,,,,,,,,,,,,
XYZ ABC Ltd                   Vendor Appraisal with OI Sorted List                  Time 21:05:05     Date  07.10.2021,,,,,,,,,,,,,,,,,,,,,,,,,,,
OXOXO                                                                                       RFKOPR00/KAGZI    Page          23,,,,,,,,,,,,,,,,,,,,,,,,,,,
,,,,,,,,,,,,,,,,,,,,,,,,,,,
,"MasterData: Company code 4004 Accounting Clerk Vendor 0000027373 , Key date 30.09.21 Amounts in GBP",,,,,,,,,,,,,,,,,,,,,,,,,,
,,,,,,,,,,,,,,,,,,,,,,,,,,,
,Section,,,,,,,,,,,,,,,,,,,,,,,,,,
,Label 1,,,,Content1,,,,,,,,Name 2,Content,,,Name 3,Content3,,,Name 4,,Content,,Name,Content5,
,,,,,,,,,,,,,,,,,,,,,,,,,,,
,Address,,,,,,,,,,,,,,,,,,,,,,,,,,
,Address(1):,,,,Marex Composites Kft.,,,,,,,,,,,,,,,,,,,,,,
,Address(2):,,,,East Gate Business Park 221/12; A1,,,,,,,,,,,,,,,,,,,,,,
,Address(3):,,,,H-2151 F”T,,,,,,,,,,,,,,,,,,,,,,
,,,,,,,,,,,,,,,,,,,,,,,,,,,
,Purchase data (amt in LC),,,,,,,,,,,,,,,,,,,,,,,,,,
,Annual Sales,,,,,,,,,,,,,,,,,,,,,,,,,,
,,,,,,,,,,,,,,,,,,,,,,,,,,,
XYZ ABC Ltd                   Vendor Appraisal with OI Sorted List                  Time 21:05:05     Date  07.10.2021,,,,,,,,,,,,,,,,,,,,,,,,,,,
OXOXO                                                                                       RFKOPR00/KAGZI    Page          24,,,,,,,,,,,,,,,,,,,,,,,,,,,
,,,,,,,,,,,,,,,,,,,,,,,,,,,
,"MasterData: Company code 4004 Accounting Clerk Vendor 0000027374 , Key date 30.09.21 Amounts in GBP",,,,,,,,,,,,,,,,,,,,,,,,,,
,,,,,,,,,,,,,,,,,,,,,,,,,,,
,Section,,,,,,,,,,,,,,,,,,,,,,,,,,
,Label 1,,,,Content1,,,,,,,,Name 2,Content,,,Name 3,Content3,,,Name 4,,Content,,Name,Content5,
,,,,,,,,,,,,,,,,,,,,,,,,,,,
,Address,,,,,,,,,,,,,,,,,,,,,,,,,,
,Address(1):,,,,Sky Advanced Materials Kft.,,,,,,,,,,,,,,,,,,,,,,
,Address(2):,,,,East Gate Business Park 221/12; A1,,,,,,,,,,,,,,,,,,,,,,
,Address(3):,,,,H-2151 F”T,,,,,,,,,,,,,,,,,,,,,,
,,,,,,,,,,,,,,,,,,,,,,,,,,,
,Purchase data (amt in LC),,,,,,,,,,,,,,,,,,,,,,,,,,
,Annual Sales,,,,,,,,,,,,,,,,,,,,,,,,,,
,,,,,,,,,,,,,,,,,,,,,,,,,,,
XYZ ABC Ltd                   Vendor Appraisal with OI Sorted List                  Time 21:05:05     Date  07.10.2021,,,,,,,,,,,,,,,,,,,,,,,,,,,
OXOXO                                                                                       RFKOPR00/KAGZI    Page          25,,,,,,,,,,,,,,,,,,,,,,,,,,,
,,,,,,,,,,,,,,,,,,,,,,,,,,,
,"MasterData: Company code 4004 Accounting Clerk Vendor 0000027401 , Key date 30.09.21 Amounts in GBP",,,,,,,,,,,,,,,,,,,,,,,,,,
,,,,,,,,,,,,,,,,,,,,,,,,,,,
,Section,,,,,,,,,,,,,,,,,,,,,,,,,,
,Label 1,,,,Content1,,,,,,,,Name 2,Content,,,Name 3,Content3,,,Name 4,,Content,,Name,Content5,
,,,,,,,,,,,,,,,,,,,,,,,,,,,
,Address,,,,,,,,,,,,,,,,,,,,,,,,,,
,Address(1):,,,,XYZz UK Limited,,,,,,,,,,,,,,,,,,,,,,
,Address(2):,,,,One St Peters Square,,,,,,,,,,,,,,,,,,,,,,
,Address(3):,,,,MANCHESTER,,,,,,,,,,,,,,,,,,,,,,
,Address(4):,,,,Greater Manchester,,,,,,,,,,,,,,,,,,,,,,
,Address(5):,,,,M2 3DE,,,,,,,,,,,,,,,,,,,,,,
,Address(6):,,,,UNITED KINGDOM,,,,,,,,,,,,,,,,,,,,,,
,,,,,,,,,,,,,,,,,,,,,,,,,,,
,Commitmts (LC Amounts),,,,,,,,,,,,,,,,,,,,,,,,,,
,Open item acct:,,,,"-445,127",,,,,,,,,,,,,,,,,,,,,,
,,,,,,,,,,,,,,,,,,,,,,,,,,,
,Purchase data (amt in LC),,,,,,,,,,,,,,,,,,,,,,,,,,
,Annual Sales,,,,"-2,871,942",,,,,,,,,,,,,,,,,,,,,,
,,,,,,,,,,,,,,,,,,,,,,,,,,,
,,,,,,,,,,,,,,,,,,,,,,,,,,,
,,,,,,,,,,,,,,,,,,,,,,,,,,,
,"OI Sorted List Company Code 4004, Accounting Clerk , Vendor 0000027401 Key date 30.09.21 Amounts in GBP",,,,,,,,,,,,,,,,,,,,,,,,,,
,,,,,,,,,,,,,,,,,,,,,,,,,,,
,BusAr,Blocked,,Down Payt,,,OI Total,,,Typ,From     0,,From     1,,,From    31,,,,From    61,,,,From    91,,,From   121
,,,,,,,,,,,To       0,,To      30,,,To      60,,,,To      90,,,,To     120,,,
,,,,,,,,,,,,,,,,,,,,,,,,,,,
,,"-445,127",,0,,,"-445,127",,,Age,"-48,321",,"-396,806",,,,,,,,,,,,,,
,,,,,,,,,,,,,,,,,,,,,,,,,,,
XYZ ABC Ltd                   Vendor Appraisal with OI Sorted List                  Time 21:05:05     Date  07.10.2021,,,,,,,,,,,,,,,,,,,,,,,,,,,
OXOXO                                                                                       RFKOPR00/KAGZI    Page          26,,,,,,,,,,,,,,,,,,,,,,,,,,,
,,,,,,,,,,,,,,,,,,,,,,,,,,,
,"MasterData: Company code 4004 Accounting Clerk Vendor 0000050535 , Key date 30.09.21 Amounts in GBP",,,,,,,,,,,,,,,,,,,,,,,,,,
,,,,,,,,,,,,,,,,,,,,,,,,,,,
,Section,,,,,,,,,,,,,,,,,,,,,,,,,,
,Label 1,,,,Content1,,,,,,,,Name 2,Content,,,Name 3,Content3,,,Name 4,,Content,,Name,Content5,
,,,,,,,,,,,,,,,,,,,,,,,,,,,
,Address,,,,,,,,,,,,,,,,,,,,,,,,,,
,Address(1):,,,,CHEZ CORPORATION,,,,,,,,,,,,,,,,,,,,,,
,Address(2):,,,,"No.398,Sec.1,Zhongzheng Rd.,",,,,,,,,,,,,,,,,,,,,,,
,Address(3):,,,,717010 TAIWAN (R.O.C.),,,,,,,,,,,,,,,,,,,,,,
,Address(4):,,,,TAIWAN,,,,,,,,,,,,,,,,,,,,,,
,,,,,,,,,,,,,,,,,,,,,,,,,,,
,Commitmts (LC Amounts),,,,,,,,,,,,,,,,,,,,,,,,,,
,Other commitments:,,,,"1,475,730",,,,,,,,,,,,,,,,,,,,,,
,,,,,,,,,,,,,,,,,,,,,,,,,,,
,Purchase data (amt in LC),,,,,,,,,,,,,,,,,,,,,,,,,,
,Annual Sales,,,,"-307,468",,,,,,,,,,,,,,,,,,,,,,
,,,,,,,,,,,,,,,,,,,,,,,,,,,
,,,,,,,,,,,,,,,,,,,,,,,,,,,
,,,,,,,,,,,,,,,,,,,,,,,,,,,
,"OI Sorted List Company Code 4004, Accounting Clerk , Vendor 0000050535 Key date 30.09.21 Amounts in GBP",,,,,,,,,,,,,,,,,,,,,,,,,,
,,,,,,,,,,,,,,,,,,,,,,,,,,,
,BusAr,Blocked,,Down Payt,,,OI Total,,,Typ,From     0,,From     1,,,From    31,,,,From    61,,,,From    91,,,From   121
,,,,,,,,,,,To       0,,To      30,,,To      60,,,,To      90,,,,To     120,,,
,,,,,,,,,,,,,,,,,,,,,,,,,,,
,,"1,272,750",,"1,272,750",,,"1,272,750",,,Age,,,"348,750",,,"610,871",,,,"90,279",,,,"176,470",,,"46,380"
,,,,,,,,,,,,,,,,,,,,,,,,,,,
XYZ ABC Ltd                   Vendor Appraisal with OI Sorted List                  Time 21:05:05     Date  07.10.2021,,,,,,,,,,,,,,,,,,,,,,,,,,,
OXOXO                                                                                       RFKOPR00/KAGZI    Page          27,,,,,,,,,,,,,,,,,,,,,,,,,,,
,,,,,,,,,,,,,,,,,,,,,,,,,,,
,"MasterData: Company code 4004 Accounting Clerk Vendor 0000056339 , Key date 30.09.21 Amounts in GBP",,,,,,,,,,,,,,,,,,,,,,,,,,
,,,,,,,,,,,,,,,,,,,,,,,,,,,
,Section,,,,,,,,,,,,,,,,,,,,,,,,,,
,Label 1,,,,Content1,,,,,,,,Name 2,Content,,,Name 3,Content3,,,Name 4,,Content,,Name,Content5,
,,,,,,,,,,,,,,,,,,,,,,,,,,,
,Address,,,,,,,,,,,,,,,,,,,,,,,,,,
,Address(1):,,,,Ningbo Actmix Rubber Chemicals,,,,,,,,,,,,,,,,,,,,,,
,Address(2):,,,,"Co.,Ltd.",,,,,,,,,,,,,,,,,,,,,,
,Address(3):,,,,"No.261, Huangjipu Rd.,",,,,,,,,,,,,,,,,,,,,,,
,Address(4):,,,,315034 NINGBO,,,,,,,,,,,,,,,,,,,,,,
,Address(5):,,,,PEOPLE'S REPUBLIC OF CHINA,,,,,,,,,,,,,,,,,,,,,,
,,,,,,,,,,,,,,,,,,,,,,,,,,,
,Purchase data (amt in LC),,,,,,,,,,,,,,,,,,,,,,,,,,
,Annual Sales,,,,,,,,,,,,,,,,,,,,,,,,,,
,,,,,,,,,,,,,,,,,,,,,,,,,,,
XYZ ABC Ltd                   Vendor Appraisal with OI Sorted List                  Time 21:05:05     Date  07.10.2021,,,,,,,,,,,,,,,,,,,,,,,,,,,
OXOXO                                                                                       RFKOPR00/KAGZI    Page          28,,,,,,,,,,,,,,,,,,,,,,,,,,,
,,,,,,,,,,,,,,,,,,,,,,,,,,,
,"MasterData: Company code 4004 Accounting Clerk Vendor 0000070273 , Key date 30.09.21 Amounts in GBP",,,,,,,,,,,,,,,,,,,,,,,,,,
,,,,,,,,,,,,,,,,,,,,,,,,,,,
,Section,,,,,,,,,,,,,,,,,,,,,,,,,,
,Label 1,,,,Content1,,,,,,,,Name 2,Content,,,Name 3,Content3,,,Name 4,,Content,,Name,Content5,
,,,,,,,,,,,,,,,,,,,,,,,,,,,
,Address,,,,,,,,,,,,,,,,,,,,,,,,,,
,Address(1):,,,,Biesterfeld Silcom s.r.o.,,,,,,,,,,,,,,,,,,,,,,
,Address(2):,,,,Specialty Chemicals,,,,,,,,,,,,,,,,,,,,,,
,Address(3):,,,,Novodvorsk· 994,,,,,,,,,,,,,,,,,,,,,,
,Address(4):,,,,CZ-142 21 PRAHA 4,,,,,,,,,,,,,,,,,,,,,,
,,,,,,,,,,,,,,,,,,,,,,,,,,,
,Purchase data (amt in LC),,,,,,,,,,,,,,,,,,,,,,,,,,
,Annual Sales,,,,,,,,,,,,,,,,,,,,,,,,,,
,,,,,,,,,,,,,,,,,,,,,,,,,,,
XYZ ABC Ltd                   Vendor Appraisal with OI Sorted List                  Time 21:05:05     Date  07.10.2021,,,,,,,,,,,,,,,,,,,,,,,,,,,
OXOXO                                                                                       RFKOPR00/KAGZI    Page          29,,,,,,,,,,,,,,,,,,,,,,,,,,,
,,,,,,,,,,,,,,,,,,,,,,,,,,,
,"MasterData: Company code 4004 Accounting Clerk Vendor 0000070289 , Key date 30.09.21 Amounts in GBP",,,,,,,,,,,,,,,,,,,,,,,,,,
,,,,,,,,,,,,,,,,,,,,,,,,,,,
,Section,,,,,,,,,,,,,,,,,,,,,,,,,,
,Label 1,,,,Content1,,,,,,,,Name 2,Content,,,Name 3,Content3,,,Name 4,,Content,,Name,Content5,
,,,,,,,,,,,,,,,,,,,,,,,,,,,
,Address,,,,,,,,,,,,,,,,,,,,,,,,,,
,Address(1):,,,,Milar Sp. z.o.o.,,,,,,,,,,,,,,,,,,,,,,
,Address(2):,,,,ul. Graniczna 47,,,,,,,,,,,,,,,,,,,,,,
,Address(3):,,,,PL-05-825 GRODZISK MAZOWIECKI,,,,,,,,,,,,,,,,,,,,,,
,,,,,,,,,,,,,,,,,,,,,,,,,,,
,Purchase data (amt in LC),,,,,,,,,,,,,,,,,,,,,,,,,,
,Annual Sales,,,,,,,,,,,,,,,,,,,,,,,,,,
,,,,,,,,,,,,,,,,,,,,,,,,,,,
XYZ ABC Ltd                   Vendor Appraisal with OI Sorted List                  Time 21:05:05     Date  07.10.2021,,,,,,,,,,,,,,,,,,,,,,,,,,,
OXOXO                                                                                       RFKOPR00/KAGZI    Page          30,,,,,,,,,,,,,,,,,,,,,,,,,,,
,,,,,,,,,,,,,,,,,,,,,,,,,,,
,"MasterData: Company code 4004 Accounting Clerk Vendor 0000070317 , Key date 30.09.21 Amounts in GBP",,,,,,,,,,,,,,,,,,,,,,,,,,
,,,,,,,,,,,,,,,,,,,,,,,,,,,
,Section,,,,,,,,,,,,,,,,,,,,,,,,,,
,Label 1,,,,Content1,,,,,,,,Name 2,Content,,,Name 3,Content3,,,Name 4,,Content,,Name,Content5,
,,,,,,,,,,,,,,,,,,,,,,,,,,,
,Address,,,,,,,,,,,,,,,,,,,,,,,,,,
,Address(1):,,,,Biesterfeld Performance Rubber GmbH,,,,,,,,,,,,,,,,,,,,,,
,Address(2):,,,,Ferdinandstraﬂe 41,,,,,,,,,,,,,,,,,,,,,,
,Address(3):,,,,20095 HAMBURG,,,,,,,,,,,,,,,,,,,,,,
,Address(4):,,,,GERMANY,,,,,,,,,,,,,,,,,,,,,,
,,,,,,,,,,,,,,,,,,,,,,,,,,,
,Purchase data (amt in LC),,,,,,,,,,,,,,,,,,,,,,,,,,
,Annual Sales,,,,,,,,,,,,,,,,,,,,,,,,,,
,,,,,,,,,,,,,,,,,,,,,,,,,,,
XYZ ABC Ltd                   Vendor Appraisal with OI Sorted List                  Time 21:05:05     Date  07.10.2021,,,,,,,,,,,,,,,,,,,,,,,,,,,
OXOXO                                                                                       RFKOPR00/KAGZI    Page          31,,,,,,,,,,,,,,,,,,,,,,,,,,,
,,,,,,,,,,,,,,,,,,,,,,,,,,,
,"MasterData: Company code 4004 Accounting Clerk Vendor 0000080390 , Key date 30.09.21 Amounts in GBP",,,,,,,,,,,,,,,,,,,,,,,,,,
,,,,,,,,,,,,,,,,,,,,,,,,,,,
,Section,,,,,,,,,,,,,,,,,,,,,,,,,,
,Label 1,,,,Content1,,,,,,,,Name 2,Content,,,Name 3,Content3,,,Name 4,,Content,,Name,Content5,
,,,,,,,,,,,,,,,,,,,,,,,,,,,
,Address,,,,,,,,,,,,,,,,,,,,,,,,,,
,Address(1):,,,,Martyn Andrew Jocelyn,,,,,,,,,,,,,,,,,,,,,,
,Address(2):,,,,x,,,,,,,,,,,,,,,,,,,,,,
,Address(3):,,,,"STAFFORD, STAFFORDSHIRE",,,,,,,,,,,,,,,,,,,,,,
,Address(4):,,,,ST20 0BJ,,,,,,,,,,,,,,,,,,,,,,
,Address(5):,,,,UNITED KINGDOM,,,,,,,,,,,,,,,,,,,,,,
,,,,,,,,,,,,,,,,,,,,,,,,,,,
,Purchase data (amt in LC),,,,,,,,,,,,,,,,,,,,,,,,,,
,Annual Sales,,,,-599,,,,,,,,,,,,,,,,,,,,,,
,,,,,,,,,,,,,,,,,,,,,,,,,,,
XYZ ABC Ltd                   Vendor Appraisal with OI Sorted List                  Time 21:05:05     Date  07.10.2021,,,,,,,,,,,,,,,,,,,,,,,,,,,
OXOXO                                                                                       RFKOPR00/KAGZI    Page          32,,,,,,,,,,,,,,,,,,,,,,,,,,,
,,,,,,,,,,,,,,,,,,,,,,,,,,,
,"MasterData: Company code 4004 Accounting Clerk Vendor 0000091807 , Key date 30.09.21 Amounts in GBP",,,,,,,,,,,,,,,,,,,,,,,,,,
,,,,,,,,,,,,,,,,,,,,,,,,,,,
,Section,,,,,,,,,,,,,,,,,,,,,,,,,,
,Label 1,,,,Content1,,,,,,,,Name 2,Content,,,Name 3,Content3,,,Name 4,,Content,,Name,Content5,
,,,,,,,,,,,,,,,,,,,,,,,,,,,
,Address,,,,,,,,,,,,,,,,,,,,,,,,,,
,Address(1):,,,,James Cowper Kreston,,,,,,,,,,,,,,,,,,,,,,
,Address(2):,,,,2 Communications Road,,,,,,,,,,,,,,,,,,,,,,
,Address(3):,,,,"GREENHAM, NEWBURY",,,,,,,,,,,,,,,,,,,,,,
,Address(4):,,,,RG19 6AB,,,,,,,,,,,,,,,,,,,,,,
,Address(5):,,,,UNITED KINGDOM,,,,,,,,,,,,,,,,,,,,,,
,,,,,,,,,,,,,,,,,,,,,,,,,,,
,Purchase data (amt in LC),,,,,,,,,,,,,,,,,,,,,,,,,,
,Annual Sales,,,,-696,,,,,,,,,,,,,,,,,,,,,,
,,,,,,,,,,,,,,,,,,,,,,,,,,,
XYZ ABC Ltd                   Vendor Appraisal with OI Sorted List                  Time 21:05:05     Date  07.10.2021,,,,,,,,,,,,,,,,,,,,,,,,,,,
OXOXO                                                                                       RFKOPR00/KAGZI    Page          33,,,,,,,,,,,,,,,,,,,,,,,,,,,
,,,,,,,,,,,,,,,,,,,,,,,,,,,
,"MasterData: Company code 4004 Accounting Clerk Vendor 0000091815 , Key date 30.09.21 Amounts in GBP",,,,,,,,,,,,,,,,,,,,,,,,,,
,,,,,,,,,,,,,,,,,,,,,,,,,,,
,Section,,,,,,,,,,,,,,,,,,,,,,,,,,
,Label 1,,,,Content1,,,,,,,,Name 2,Content,,,Name 3,Content3,,,Name 4,,Content,,Name,Content5,
,,,,,,,,,,,,,,,,,,,,,,,,,,,
,Address,,,,,,,,,,,,,,,,,,,,,,,,,,
,Address(1):,,,,1st Choice Events Ltd trading as,,,,,,,,,,,,,,,,,,,,,,
,Address(2):,,,,Medical Technology Ireland,,,,,,,,,,,,,,,,,,,,,,
,Address(3):,,,,23 Chiltern Drive,,,,,,,,,,,,,,,,,,,,,,
,Address(4):,,,,SURBITON,,,,,,,,,,,,,,,,,,,,,,
,Address(5):,,,,Surrey,,,,,,,,,,,,,,,,,,,,,,
,Address(6):,,,,KT5 8LP,,,,,,,,,,,,,,,,,,,,,,
,Address(7):,,,,UNITED KINGDOM,,,,,,,,,,,,,,,,,,,,,,
,,,,,,,,,,,,,,,,,,,,,,,,,,,
,Purchase data (amt in LC),,,,,,,,,,,,,,,,,,,,,,,,,,
,Annual Sales,,,,,,,,,,,,,,,,,,,,,,,,,,
,,,,,,,,,,,,,,,,,,,,,,,,,,,
XYZ ABC Ltd                   Vendor Appraisal with OI Sorted List                  Time 21:05:05     Date  07.10.2021,,,,,,,,,,,,,,,,,,,,,,,,,,,
OXOXO                                                                                       RFKOPR00/KAGZI    Page          34,,,,,,,,,,,,,,,,,,,,,,,,,,,
,,,,,,,,,,,,,,,,,,,,,,,,,,,
,"MasterData: Company code 4004 Accounting Clerk Vendor 0000091821 , Key date 30.09.21 Amounts in GBP",,,,,,,,,,,,,,,,,,,,,,,,,,
,,,,,,,,,,,,,,,,,,,,,,,,,,,
,Section,,,,,,,,,,,,,,,,,,,,,,,,,,
,Label 1,,,,Content1,,,,,,,,Name 2,Content,,,Name 3,Content3,,,Name 4,,Content,,Name,Content5,
,,,,,,,,,,,,,,,,,,,,,,,,,,,
,Address,,,,,,,,,,,,,,,,,,,,,,,,,,
,Address(1):,,,,Summerfield Browne Solicitors,,,,,,,,,,,,,,,,,,,,,,
,Address(2):,,,,Harborough Innovation Centre,,,,,,,,,,,,,,,,,,,,,,
,Address(3):,,,,MARKET HARBOROUGH,,,,,,,,,,,,,,,,,,,,,,
,Address(4):,,,,Leicestershire,,,,,,,,,,,,,,,,,,,,,,
,Address(5):,,,,LE16 7WB,,,,,,,,,,,,,,,,,,,,,,
,Address(6):,,,,UNITED KINGDOM,,,,,,,,,,,,,,,,,,,,,,
,,,,,,,,,,,,,,,,,,,,,,,,,,,
,Purchase data (amt in LC),,,,,,,,,,,,,,,,,,,,,,,,,,
,Annual Sales,,,,,,,,,,,,,,,,,,,,,,,,,,
,,,,,,,,,,,,,,,,,,,,,,,,,,,
XYZ ABC Ltd                   Vendor Appraisal with OI Sorted List                  Time 21:05:05     Date  07.10.2021,,,,,,,,,,,,,,,,,,,,,,,,,,,
OXOXO                                                                                       RFKOPR00/KAGZI    Page          35,,,,,,,,,,,,,,,,,,,,,,,,,,,
,,,,,,,,,,,,,,,,,,,,,,,,,,,
,"MasterData: Company code 4004 Accounting Clerk Vendor 0000091828 , Key date 30.09.21 Amounts in GBP",,,,,,,,,,,,,,,,,,,,,,,,,,
,,,,,,,,,,,,,,,,,,,,,,,,,,,
,Section,,,,,,,,,,,,,,,,,,,,,,,,,,
,Label 1,,,,Content1,,,,,,,,Name 2,Content,,,Name 3,Content3,,,Name 4,,Content,,Name,Content5,
,,,,,,,,,,,,,,,,,,,,,,,,,,,
,Address,,,,,,,,,,,,,,,,,,,,,,,,,,
,Address(1):,,,,Abingdon Lodge Hotel Ltd t/a,,,,,,,,,,,,,,,,,,,,,,
,Address(2):,,,,Hilton Garden Inn Abingdon Oxford,,,,,,,,,,,,,,,,,,,,,,
,Address(3):,,,,Marcham Road,,,,,,,,,,,,,,,,,,,,,,
,Address(4):,,,,ABINGDON,,,,,,,,,,,,,,,,,,,,,,
,Address(5):,,,,OXOXO,,,,,,,,,,,,,,,,,,,,,,
,Address(6):,,,,OX14 1TZ,,,,,,,,,,,,,,,,,,,,,,
,Address(7):,,,,UNITED KINGDOM,,,,,,,,,,,,,,,,,,,,,,
,,,,,,,,,,,,,,,,,,,,,,,,,,,
,Purchase data (amt in LC),,,,,,,,,,,,,,,,,,,,,,,,,,
,Annual Sales,,,,,,,,,,,,,,,,,,,,,,,,,,
,,,,,,,,,,,,,,,,,,,,,,,,,,,
XYZ ABC Ltd                   Vendor Appraisal with OI Sorted List                  Time 21:05:05     Date  07.10.2021,,,,,,,,,,,,,,,,,,,,,,,,,,,
OXOXO                                                                                       RFKOPR00/KAGZI    Page          36,,,,,,,,,,,,,,,,,,,,,,,,,,,
,,,,,,,,,,,,,,,,,,,,,,,,,,,
,"MasterData: Company code 4004 Accounting Clerk Vendor 0000091830 , Key date 30.09.21 Amounts in GBP",,,,,,,,,,,,,,,,,,,,,,,,,,
,,,,,,,,,,,,,,,,,,,,,,,,,,,
,Section,,,,,,,,,,,,,,,,,,,,,,,,,,
,Label 1,,,,Content1,,,,,,,,Name 2,Content,,,Name 3,Content3,,,Name 4,,Content,,Name,Content5,
,,,,,,,,,,,,,,,,,,,,,,,,,,,
,Address,,,,,,,,,,,,,,,,,,,,,,,,,,
,Address(1):,,,,LETS TALK CREDIT LTD,,,,,,,,,,,,,,,,,,,,,,
,Address(2):,,,,27 Spencer Road,,,,,,,,,,,,,,,,,,,,,,
,Address(3):,,,,BELPER,,,,,,,,,,,,,,,,,,,,,,
,Address(4):,,,,Derbyshire,,,,,,,,,,,,,,,,,,,,,,
,Address(5):,,,,DE561JY,,,,,,,,,,,,,,,,,,,,,,
,Address(6):,,,,UNITED KINGDOM,,,,,,,,,,,,,,,,,,,,,,
,,,,,,,,,,,,,,,,,,,,,,,,,,,
,Purchase data (amt in LC),,,,,,,,,,,,,,,,,,,,,,,,,,
,Annual Sales,,,,-480,,,,,,,,,,,,,,,,,,,,,,
,,,,,,,,,,,,,,,,,,,,,,,,,,,
XYZ ABC Ltd                   Vendor Appraisal with OI Sorted List                  Time 21:05:05     Date  07.10.2021,,,,,,,,,,,,,,,,,,,,,,,,,,,
OXOXO                                                                                       RFKOPR00/KAGZI    Page          37,,,,,,,,,,,,,,,,,,,,,,,,,,,
,,,,,,,,,,,,,,,,,,,,,,,,,,,
,"MasterData: Company code 4004 Accounting Clerk Vendor 0000091870 , Key date 30.09.21 Amounts in GBP",,,,,,,,,,,,,,,,,,,,,,,,,,
,,,,,,,,,,,,,,,,,,,,,,,,,,,
,Section,,,,,,,,,,,,,,,,,,,,,,,,,,
,Label 1,,,,Content1,,,,,,,,Name 2,Content,,,Name 3,Content3,,,Name 4,,Content,,Name,Content5,
,,,,,,,,,,,,,,,,,,,,,,,,,,,
,Address,,,,,,,,,,,,,,,,,,,,,,,,,,
,Address(1):,,,,Synergy Compliance Limited,,,,,,,,,,,,,,,,,,,,,,
,Address(2):,,,,The Mill House,,,,,,,,,,,,,,,,,,,,,,
,Address(3):,,,,TYNE AND WEAR,,,,,,,,,,,,,,,,,,,,,,
,Address(4):,,,,DH5 8AH,,,,,,,,,,,,,,,,,,,,,,
,Address(5):,,,,UNITED KINGDOM,,,,,,,,,,,,,,,,,,,,,,
,,,,,,,,,,,,,,,,,,,,,,,,,,,
,Purchase data (amt in LC),,,,,,,,,,,,,,,,,,,,,,,,,,
,Annual Sales,,,,"-43,368",,,,,,,,,,,,,,,,,,,,,,
,,,,,,,,,,,,,,,,,,,,,,,,,,,
XYZ ABC Ltd                   Vendor Appraisal with OI Sorted List                  Time 21:05:05     Date  07.10.2021,,,,,,,,,,,,,,,,,,,,,,,,,,,
OXOXO                                                                                       RFKOPR00/KAGZI    Page          38,,,,,,,,,,,,,,,,,,,,,,,,,,,
,,,,,,,,,,,,,,,,,,,,,,,,,,,
,"MasterData: Company code 4004 Accounting Clerk Vendor 0000092111 , Key date 30.09.21 Amounts in GBP",,,,,,,,,,,,,,,,,,,,,,,,,,
,,,,,,,,,,,,,,,,,,,,,,,,,,,
,Section,,,,,,,,,,,,,,,,,,,,,,,,,,
,Label 1,,,,Content1,,,,,,,,Name 2,Content,,,Name 3,Content3,,,Name 4,,Content,,Name,Content5,
,,,,,,,,,,,,,,,,,,,,,,,,,,,
,Address,,,,,,,,,,,,,,,,,,,,,,,,,,
,Address(1):,,,,Crossland Solicitors Ltd,,,,,,,,,,,,,,,,,,,,,,
,Address(2):,,,,99 Park Drive,,,,,,,,,,,,,,,,,,,,,,
,Address(3):,,,,ABINGDON,,,,,,,,,,,,,,,,,,,,,,
,Address(4):,,,,OXOXO,,,,,,,,,,,,,,,,,,,,,,
,Address(5):,,,,OX14 4RY,,,,,,,,,,,,,,,,,,,,,,
,Address(6):,,,,UNITED KINGDOM,,,,,,,,,,,,,,,,,,,,,,
,,,,,,,,,,,,,,,,,,,,,,,,,,,
,Purchase data (amt in LC),,,,,,,,,,,,,,,,,,,,,,,,,,
,Annual Sales,,,,"-1,209",,,,,,,,,,,,,,,,,,,,,,
,,,,,,,,,,,,,,,,,,,,,,,,,,,
XYZ ABC Ltd                   Vendor Appraisal with OI Sorted List                  Time 21:05:05     Date  07.10.2021,,,,,,,,,,,,,,,,,,,,,,,,,,,
OXOXO                                                                                       RFKOPR00/KAGZI    Page          39,,,,,,,,,,,,,,,,,,,,,,,,,,,
,,,,,,,,,,,,,,,,,,,,,,,,,,,
,"MasterData: Company code 4004 Accounting Clerk Vendor 0000200509 , Key date 30.09.21 Amounts in GBP",,,,,,,,,,,,,,,,,,,,,,,,,,
,,,,,,,,,,,,,,,,,,,,,,,,,,,
,Section,,,,,,,,,,,,,,,,,,,,,,,,,,
,Label 1,,,,Content1,,,,,,,,Name 2,Content,,,Name 3,Content3,,,Name 4,,Content,,Name,Content5,
,,,,,,,,,,,,,,,,,,,,,,,,,,,
,Address,,,,,,,,,,,,,,,,,,,,,,,,,,
,Address(1):,,,,MZM International Limited,,,,,,,,,,,,,,,,,,,,,,
,Address(2):,,,,Unit 1 B Westgate One,,,,,,,,,,,,,,,,,,,,,,
,Address(3):,,,,STAINES ROAD,,,,,,,,,,,,,,,,,,,,,,
,Address(4):,,,,Greater London,,,,,,,,,,,,,,,,,,,,,,
,Address(5):,,,,TW3 1QP,,,,,,,,,,,,,,,,,,,,,,
,Address(6):,,,,UNITED KINGDOM,,,,,,,,,,,,,,,,,,,,,,
,,,,,,,,,,,,,,,,,,,,,,,,,,,
,Commitmts (LC Amounts),,,,,,,,,,,,,,,,,,,,,,,,,,
,Open item acct:,,,,"-1,715",,,,,,,,,,,,,,,,,,,,,,
,,,,,,,,,,,,,,,,,,,,,,,,,,,
,Purchase data (amt in LC),,,,,,,,,,,,,,,,,,,,,,,,,,
,Annual Sales,,,,"-81,145",,,,,,,,,,,,,,,,,,,,,,
,,,,,,,,,,,,,,,,,,,,,,,,,,,
,,,,,,,,,,,,,,,,,,,,,,,,,,,
,,,,,,,,,,,,,,,,,,,,,,,,,,,
,"OI Sorted List Company Code 4004, Accounting Clerk , Vendor 0000200509 Key date 30.09.21 Amounts in GBP",,,,,,,,,,,,,,,,,,,,,,,,,,
,,,,,,,,,,,,,,,,,,,,,,,,,,,
,BusAr,Blocked,,Down Payt,,,OI Total,,,Typ,From     0,,From     1,,,From    31,,,,From    61,,,,From    91,,,From   121
,,,,,,,,,,,To       0,,To      30,,,To      60,,,,To      90,,,,To     120,,,
,,,,,,,,,,,,,,,,,,,,,,,,,,,
,,,,0,,,"-1,715",,,Age,,,"-1,715",,,,,,,,,,,,,,
,,,,,,,,,,,,,,,,,,,,,,,,,,,
XYZ ABC Ltd                   Vendor Appraisal with OI Sorted List                  Time 21:05:05     Date  07.10.2021,,,,,,,,,,,,,,,,,,,,,,,,,,,
OXOXO                                                                                       RFKOPR00/KAGZI    Page          40,,,,,,,,,,,,,,,,,,,,,,,,,,,
,,,,,,,,,,,,,,,,,,,,,,,,,,,
,"MasterData: Company code 4004 Accounting Clerk Vendor 0000200510 , Key date 30.09.21 Amounts in GBP",,,,,,,,,,,,,,,,,,,,,,,,,,
,,,,,,,,,,,,,,,,,,,,,,,,,,,
,Section,,,,,,,,,,,,,,,,,,,,,,,,,,
,Label 1,,,,Content1,,,,,,,,Name 2,Content,,,Name 3,Content3,,,Name 4,,Content,,Name,Content5,
,,,,,,,,,,,,,,,,,,,,,,,,,,,
,Address,,,,,,,,,,,,,,,,,,,,,,,,,,
,Address(1):,,,,Coyote Logistics Nederland B.V.,,,,,,,,,,,,,,,,,,,,,,
,Address(2):,,,,Herikerbergweg 181,,,,,,,,,,,,,,,,,,,,,,
,Address(3):,,,,1101CN  AMSTERDAM-ZUIDOOST,,,,,,,,,,,,,,,,,,,,,,
,Address(4):,,,,NETHERLANDS,,,,,,,,,,,,,,,,,,,,,,
,,,,,,,,,,,,,,,,,,,,,,,,,,,
,Purchase data (amt in LC),,,,,,,,,,,,,,,,,,,,,,,,,,
,Annual Sales,,,,,,,,,,,,,,,,,,,,,,,,,,
,,,,,,,,,,,,,,,,,,,,,,,,,,,
XYZ ABC Ltd                   Vendor Appraisal with OI Sorted List                  Time 21:05:05     Date  07.10.2021,,,,,,,,,,,,,,,,,,,,,,,,,,,
OXOXO                                                                                       RFKOPR00/KAGZI    Page          41,,,,,,,,,,,,,,,,,,,,,,,,,,,
,,,,,,,,,,,,,,,,,,,,,,,,,,,
,"MasterData: Company code 4004 Accounting Clerk Vendor 0000200531 , Key date 30.09.21 Amounts in GBP",,,,,,,,,,,,,,,,,,,,,,,,,,
,,,,,,,,,,,,,,,,,,,,,,,,,,,
,Section,,,,,,,,,,,,,,,,,,,,,,,,,,
,Label 1,,,,Content1,,,,,,,,Name 2,Content,,,Name 3,Content3,,,Name 4,,Content,,Name,Content5,
,,,,,,,,,,,,,,,,,,,,,,,,,,,
,Address,,,,,,,,,,,,,,,,,,,,,,,,,,
,Address(1):,,,,KnK Nagel Ltd,,,,,,,,,,,,,,,,,,,,,,
,Address(2):,,,,1 Roundwood Avenue,,,,,,,,,,,,,,,,,,,,,,
,Address(3):,,,,"UXBRIDGE, MIDDLESEX",,,,,,,,,,,,,,,,,,,,,,
,Address(4):,,,,Greater London,,,,,,,,,,,,,,,,,,,,,,
,Address(5):,,,,UB11 1FG,,,,,,,,,,,,,,,,,,,,,,
,Address(6):,,,,UNITED KINGDOM,,,,,,,,,,,,,,,,,,,,,,
,,,,,,,,,,,,,,,,,,,,,,,,,,,
,Commitmts (LC Amounts),,,,,,,,,,,,,,,,,,,,,,,,,,
,Open item acct:,,,,"-2,670",,,,,,,,,,,,,,,,,,,,,,
,,,,,,,,,,,,,,,,,,,,,,,,,,,
,Purchase data (amt in LC),,,,,,,,,,,,,,,,,,,,,,,,,,
,Annual Sales,,,,"-16,230",,,,,,,,,,,,,,,,,,,,,,
,,,,,,,,,,,,,,,,,,,,,,,,,,,
,,,,,,,,,,,,,,,,,,,,,,,,,,,
,,,,,,,,,,,,,,,,,,,,,,,,,,,
,"OI Sorted List Company Code 4004, Accounting Clerk , Vendor 0000200531 Key date 30.09.21 Amounts in GBP",,,,,,,,,,,,,,,,,,,,,,,,,,
,,,,,,,,,,,,,,,,,,,,,,,,,,,
,BusAr,Blocked,,Down Payt,,,OI Total,,,Typ,From     0,,From     1,,,From    31,,,,From    61,,,,From    91,,,From   121
,,,,,,,,,,,To       0,,To      30,,,To      60,,,,To      90,,,,To     120,,,
,,,,,,,,,,,,,,,,,,,,,,,,,,,
,,,,0,,,"-2,670",,,Age,,,"-2,670",,,,,,,,,,,,,,
